PassengerId,Survived,SibSp,Parch,Fare,Cabin_flag,Age_,Pclass_low,Pclass_med,Sex_male,Embarked_Q,Embarked_S,Age_scaled,Fare_scaled
1,0,1,0,7.25,0,22.0,1,0,1,0,1,0.275,0.014151057562208049
2,1,1,0,71.2833,1,38.0,0,0,0,0,0,0.47500000000000003,0.13913573538264068
3,1,0,0,7.925,0,26.0,1,0,0,0,1,0.325,0.015468569817999833
4,1,1,0,53.1,1,35.0,0,0,0,0,1,0.4375,0.10364429745562033
5,0,0,0,8.05,0,35.0,1,0,1,0,1,0.4375,0.015712553569072387
6,0,0,0,8.4583,0,24.0,1,0,1,1,0,0.30000000000000004,0.01650950209357577
7,0,0,0,51.8625,1,54.0,0,0,1,0,1,0.675,0.10122885832000206
8,0,3,1,21.075,0,2.0,1,0,1,0,1,0.025,0.04113566043083236
9,1,0,2,11.1333,0,27.0,1,0,0,0,1,0.3375,0.021730754366528396
10,1,1,0,30.0708,0,14.0,0,1,0,0,0,0.17500000000000002,0.058694292654020104
11,1,1,1,16.7,1,4.0,1,0,0,0,1,0.05,0.03259622914329302
12,1,0,0,26.55,1,58.0,0,0,0,0,1,0.7250000000000001,0.051822148727810165
13,0,0,0,8.05,0,20.0,1,0,1,0,1,0.25,0.015712553569072387
14,0,1,5,31.275,0,39.0,1,0,1,0,1,0.48750000000000004,0.06104473451835265
15,0,0,0,7.8542,0,14.0,1,0,0,0,1,0.17500000000000002,0.015330377421392339
16,1,0,0,16.0,0,55.0,0,1,0,0,1,0.6875,0.03122992013728673
17,0,4,1,29.125,0,2.0,1,0,1,1,0,0.025,0.05684821399990475
18,1,0,0,13.0,0,24.0,0,1,1,0,1,0.30000000000000004,0.025374310111545468
19,0,1,0,18.0,0,31.0,1,0,0,0,1,0.3875,0.03513366015444757
20,1,0,0,7.225,0,28.0,1,0,0,0,0,0.35000000000000003,0.014102260811993537
21,0,0,0,26.0,0,35.0,0,1,1,0,1,0.4375,0.050748620223090936
22,1,0,0,13.0,1,34.0,0,1,1,0,1,0.42500000000000004,0.025374310111545468
23,1,0,0,8.0292,0,15.0,1,0,0,1,0,0.1875,0.015671954672893913
24,1,0,0,35.5,1,28.0,0,0,1,0,1,0.35000000000000003,0.06929138530460494
25,0,3,1,21.075,0,8.0,1,0,0,0,1,0.1,0.04113566043083236
26,1,1,5,31.3875,0,38.0,1,0,0,0,1,0.47500000000000003,0.06126431989431795
27,0,0,0,7.225,0,28.0,1,0,1,0,0,0.35000000000000003,0.014102260811993537
28,0,3,2,263.0,1,19.0,0,0,1,0,1,0.23750000000000002,0.5133418122566507
29,1,0,0,7.8792,0,19.0,1,0,0,1,0,0.23750000000000002,0.01537917417160685
30,0,0,0,7.8958,0,33.0,1,0,1,0,1,0.41250000000000003,0.015411575213749286
31,0,0,0,27.7208,0,40.0,0,0,1,0,0,0.5,0.05410739813385612
32,1,1,0,146.5208,1,43.0,0,0,0,0,0,0.5375,0.2859895551532101
33,1,0,0,7.75,0,35.0,1,0,0,1,0,0.4375,0.015126992566498259
34,0,0,0,10.5,0,66.0,0,1,1,0,1,0.8250000000000001,0.020494635090094415
35,0,1,0,82.1708,0,28.0,0,0,1,0,0,0.35000000000000003,0.16038672010106003
36,0,1,0,52.0,0,42.0,0,0,1,0,1,0.525,0.10149724044618187
37,1,0,0,7.2292,0,23.0,1,0,1,0,0,0.28750000000000003,0.014110458666029575
38,0,0,0,8.05,0,21.0,1,0,1,0,1,0.2625,0.015712553569072387
39,0,2,0,18.0,0,18.0,1,0,0,0,1,0.225,0.03513366015444757
40,1,1,0,11.2417,0,14.0,1,0,0,0,0,0.17500000000000002,0.021942337075458514
41,0,1,0,9.475,0,40.0,1,0,0,0,1,0.5,0.018493968331299484
42,0,1,0,21.0,0,27.0,0,1,0,0,1,0.3375,0.04098927018018883
43,0,0,0,7.8958,0,33.0,1,0,1,0,0,0.41250000000000003,0.015411575213749286
44,1,1,2,41.5792,0,3.0,0,1,0,0,0,0.037500000000000006,0.08115719346076702
45,1,0,0,7.8792,0,19.0,1,0,0,1,0,0.23750000000000002,0.01537917417160685
46,0,0,0,8.05,0,19.0,1,0,1,0,1,0.23750000000000002,0.015712553569072387
47,0,1,0,15.5,0,34.0,1,0,1,1,0,0.42500000000000004,0.030253985132996517
48,1,0,0,7.75,0,35.0,1,0,0,1,0,0.4375,0.015126992566498259
49,0,2,0,21.6792,0,12.0,1,0,1,0,0,0.15000000000000002,0.04231498029001666
50,0,1,0,17.8,0,18.0,1,0,0,0,1,0.225,0.034743286152731485
51,0,4,1,39.6875,0,7.0,1,0,1,0,1,0.08750000000000001,0.07746484096553544
52,0,0,0,7.8,0,21.0,1,0,1,0,1,0.2625,0.01522458606692728
53,1,1,0,76.7292,1,49.0,0,0,0,0,0,0.6125,0.1497654242623688
54,1,1,0,26.0,0,29.0,0,1,0,0,1,0.36250000000000004,0.050748620223090936
55,0,0,1,61.9792,1,65.0,0,0,1,0,0,0.8125,0.1209753416358076
56,1,0,0,35.5,1,43.0,0,0,1,0,1,0.5375,0.06929138530460494
57,1,0,0,10.5,0,21.0,0,1,0,0,1,0.2625,0.020494635090094415
58,0,0,0,7.2292,0,28.0,1,0,1,0,0,0.35000000000000003,0.014110458666029575
59,1,1,2,27.75,0,5.0,0,1,0,0,1,0.0625,0.05416439273810667
60,0,5,2,46.9,0,11.0,1,0,1,0,1,0.1375,0.09154270340242172
61,0,0,0,7.2292,0,22.0,1,0,1,0,0,0.275,0.014110458666029575
62,1,0,0,80.0,1,38.0,0,0,0,0,0,0.47500000000000003,0.15614960068643363
63,0,1,0,83.475,1,45.0,0,0,1,0,1,0.5625,0.16293234896625058
64,0,3,2,27.9,0,4.0,1,0,1,0,1,0.05,0.05445717323939373
65,0,0,0,27.7208,0,40.0,0,0,1,0,0,0.5,0.05410739813385612
66,1,1,1,15.2458,0,9.0,1,0,1,0,0,0.1125,0.029757819776815374
67,1,0,0,10.5,1,29.0,0,1,0,0,1,0.36250000000000004,0.020494635090094415
68,0,0,0,8.1583,0,19.0,1,0,1,0,1,0.23750000000000002,0.015923941091001644
69,1,4,2,7.925,0,17.0,1,0,0,0,1,0.21250000000000002,0.015468569817999833
70,0,2,0,8.6625,0,26.0,1,0,1,0,1,0.325,0.016908073949327893
71,0,0,0,10.5,0,32.0,0,1,1,0,1,0.4,0.020494635090094415
72,0,5,2,46.9,0,16.0,1,0,0,0,1,0.2,0.09154270340242172
73,0,0,0,73.5,0,21.0,0,1,1,0,1,0.2625,0.1434624456306609
74,0,1,0,14.4542,0,26.0,1,0,1,0,0,0.325,0.028212719478023115
75,1,0,0,56.4958,0,32.0,1,0,1,0,1,0.4,0.11027245763075773
76,0,0,0,7.65,1,25.0,1,0,1,0,1,0.3125,0.014931805565640218
77,0,0,0,7.8958,0,33.0,1,0,1,0,1,0.41250000000000003,0.015411575213749286
78,0,0,0,8.05,0,19.0,1,0,1,0,1,0.23750000000000002,0.015712553569072387
79,1,0,2,29.0,0,1.0,0,1,1,0,1,0.0125,0.056604230248832196
80,1,0,0,12.475,0,30.0,1,0,0,0,1,0.375,0.024349578357040744
81,0,0,0,9.0,0,22.0,1,0,1,0,1,0.275,0.017566830077223785
82,1,0,0,9.5,0,29.0,1,0,1,0,1,0.36250000000000004,0.018542765081513996
83,1,0,0,7.7875,0,22.0,1,0,0,1,0,0.275,0.015200187691820024
84,0,0,0,47.1,0,28.0,0,0,1,0,1,0.35000000000000003,0.09193307740413781
85,1,0,0,10.5,0,17.0,0,1,0,0,1,0.21250000000000002,0.020494635090094415
86,1,3,0,15.85,0,33.0,1,0,0,0,1,0.41250000000000003,0.030937139635999665
87,0,1,3,34.375,0,16.0,1,0,1,0,1,0.2,0.06709553154495196
88,0,0,0,8.05,0,19.0,1,0,1,0,1,0.23750000000000002,0.015712553569072387
89,1,3,2,263.0,1,23.0,0,0,0,0,1,0.28750000000000003,0.5133418122566507
90,0,0,0,8.05,0,24.0,1,0,1,0,1,0.30000000000000004,0.015712553569072387
91,0,0,0,8.05,0,29.0,1,0,1,0,1,0.36250000000000004,0.015712553569072387
92,0,0,0,7.8542,0,20.0,1,0,1,0,1,0.25,0.015330377421392339
93,0,1,0,61.175,1,46.0,0,0,1,0,1,0.5750000000000001,0.11940564777490723
94,0,1,2,20.575,0,26.0,1,0,1,0,1,0.325,0.04015972542654215
95,0,0,0,7.25,0,59.0,1,0,1,0,1,0.7375,0.014151057562208049
96,0,0,0,8.05,0,19.0,1,0,1,0,1,0.23750000000000002,0.015712553569072387
97,0,0,0,34.6542,1,71.0,0,0,1,0,0,0.8875000000000001,0.06764049365134761
98,1,0,1,63.3583,1,23.0,0,0,1,0,0,0.28750000000000003,0.12366716556464086
99,1,0,1,23.0,0,34.0,0,1,0,0,1,0.42500000000000004,0.044893010197349675
100,0,1,0,26.0,0,34.0,0,1,1,0,1,0.42500000000000004,0.050748620223090936
101,0,0,0,7.8958,0,28.0,1,0,0,0,1,0.35000000000000003,0.015411575213749286
102,0,0,0,7.8958,0,33.0,1,0,1,0,1,0.41250000000000003,0.015411575213749286
103,0,0,1,77.2875,1,21.0,0,0,1,0,1,0.2625,0.15085515328815924
104,0,0,0,8.6542,0,33.0,1,0,1,0,1,0.41250000000000003,0.016891873428256675
105,0,2,0,7.925,0,37.0,1,0,1,0,1,0.4625,0.015468569817999833
106,0,0,0,7.8958,0,28.0,1,0,1,0,1,0.35000000000000003,0.015411575213749286
107,1,0,0,7.65,0,21.0,1,0,0,0,1,0.2625,0.014931805565640218
108,1,0,0,7.775,0,38.0,1,0,1,0,1,0.47500000000000003,0.015175789316712771
109,0,0,0,7.8958,0,38.0,1,0,1,0,1,0.47500000000000003,0.015411575213749286
110,1,1,0,24.15,0,32.0,1,0,0,1,0,0.4,0.04713766070721715
111,0,0,0,52.0,1,47.0,0,0,1,0,1,0.5875,0.10149724044618187
112,0,1,0,14.4542,0,14.0,1,0,0,0,0,0.17500000000000002,0.028212719478023115
113,0,0,0,8.05,0,22.0,1,0,1,0,1,0.275,0.015712553569072387
114,0,1,0,9.825,0,20.0,1,0,0,0,1,0.25,0.019177122834302632
115,0,0,0,14.4583,0,17.0,1,0,0,0,0,0.21250000000000002,0.028220722145058292
116,0,0,0,7.925,0,21.0,1,0,1,0,1,0.2625,0.015468569817999833
117,0,0,0,7.75,0,70.0,1,0,1,1,0,0.875,0.015126992566498259
118,0,1,0,21.0,0,29.0,0,1,1,0,1,0.36250000000000004,0.04098927018018883
119,0,0,1,247.5208,1,24.0,0,0,1,0,0,0.30000000000000004,0.4831284260198326
120,0,4,2,31.275,0,2.0,1,0,0,0,1,0.025,0.06104473451835265
121,0,2,0,73.5,0,21.0,0,1,1,0,1,0.2625,0.1434624456306609
122,0,0,0,8.05,0,19.0,1,0,1,0,1,0.23750000000000002,0.015712553569072387
123,0,1,0,30.0708,0,32.0,0,1,1,0,0,0.4,0.058694292654020104
124,1,0,0,13.0,1,32.0,0,1,0,0,1,0.4,0.025374310111545468
125,0,0,1,77.2875,1,54.0,0,0,1,0,1,0.675,0.15085515328815924
126,1,1,0,11.2417,0,12.0,1,0,1,0,0,0.15000000000000002,0.021942337075458514
127,0,0,0,7.75,0,35.0,1,0,1,1,0,0.4375,0.015126992566498259
128,1,0,0,7.1417,0,24.0,1,0,1,0,1,0.30000000000000004,0.01393967004027879
129,1,1,1,22.3583,1,13.0,1,0,0,0,0,0.1625,0.04364049521284362
130,0,0,0,6.975,0,45.0,1,0,1,0,1,0.5625,0.013614293309848433
131,0,0,0,7.8958,0,33.0,1,0,1,0,0,0.41250000000000003,0.015411575213749286
132,0,0,0,7.05,0,20.0,1,0,1,0,1,0.25,0.013760683560491965
133,0,1,0,14.5,0,47.0,1,0,0,0,1,0.5875,0.028302115124416098
134,1,1,0,26.0,0,29.0,0,1,0,0,1,0.36250000000000004,0.050748620223090936
135,0,0,0,13.0,0,25.0,0,1,1,0,1,0.3125,0.025374310111545468
136,0,0,0,15.0458,0,23.0,0,1,1,0,0,0.28750000000000003,0.02936744577509929
137,1,0,2,26.2833,1,19.0,0,0,0,0,1,0.23750000000000002,0.051301584996521765
138,0,1,0,53.1,1,37.0,0,0,1,0,1,0.4625,0.10364429745562033
139,0,0,0,9.2167,0,16.0,1,0,1,0,1,0.2,0.01798980030808316
140,0,0,0,79.2,1,24.0,0,0,1,0,0,0.30000000000000004,0.15458810467956932
141,0,0,2,15.2458,0,29.0,1,0,0,0,0,0.36250000000000004,0.029757819776815374
142,1,0,0,7.75,0,22.0,1,0,0,0,1,0.275,0.015126992566498259
143,1,1,0,15.85,0,24.0,1,0,0,0,1,0.30000000000000004,0.030937139635999665
144,0,0,0,6.75,0,19.0,1,0,1,1,0,0.23750000000000002,0.013175122557917838
145,0,0,0,11.5,0,18.0,0,1,1,0,1,0.225,0.022446505098674838
146,0,1,1,36.75,0,19.0,0,1,1,0,1,0.23750000000000002,0.07173122281533045
147,1,0,0,7.7958,0,27.0,1,0,1,0,1,0.3375,0.015216388212891242
148,0,2,2,34.375,0,9.0,1,0,0,0,1,0.1125,0.06709553154495196
149,0,0,2,26.0,1,36.0,0,1,1,0,1,0.45,0.050748620223090936
150,0,0,0,13.0,0,42.0,0,1,1,0,1,0.525,0.025374310111545468
151,0,0,0,12.525,0,51.0,0,1,1,0,1,0.6375000000000001,0.02444717185746977
152,1,1,0,66.6,1,22.0,0,0,0,0,1,0.275,0.12999454257145598
153,0,0,0,8.05,0,56.0,1,0,1,0,1,0.7000000000000001,0.015712553569072387
154,0,0,2,14.5,0,40.0,1,0,1,0,1,0.5,0.028302115124416098
155,0,0,0,7.3125,0,22.0,1,0,1,0,1,0.275,0.014273049437744325
156,0,0,1,61.3792,0,51.0,0,0,1,0,0,0.6375000000000001,0.11980421963065935
157,1,0,0,7.7333,0,16.0,1,0,0,1,0,0.2,0.015094396337354966
158,0,0,0,8.05,0,30.0,1,0,1,0,1,0.375,0.015712553569072387
159,0,0,0,8.6625,0,24.0,1,0,1,0,1,0.30000000000000004,0.016908073949327893
160,0,8,2,69.55,0,37.0,1,0,1,0,1,0.4625,0.13575255909676825
161,0,0,1,16.1,0,44.0,1,0,1,0,1,0.55,0.031425107138144774
162,1,0,0,15.75,0,40.0,0,1,0,0,1,0.5,0.030741952635141623
163,0,0,0,7.775,0,26.0,1,0,1,0,1,0.325,0.015175789316712771
164,0,0,0,8.6625,0,17.0,1,0,1,0,1,0.21250000000000002,0.016908073949327893
165,0,4,1,39.6875,0,1.0,1,0,1,0,1,0.0125,0.07746484096553544
166,1,0,2,20.525,0,9.0,1,0,1,0,1,0.1125,0.04006213192611313
167,1,0,1,55.0,1,22.0,0,0,0,0,1,0.275,0.10735285047192313
168,0,1,4,27.9,0,45.0,1,0,0,0,1,0.5625,0.05445717323939373
169,0,0,0,25.925,0,60.0,0,0,1,0,1,0.75,0.050602229972447406
170,0,0,0,56.4958,0,28.0,1,0,1,0,1,0.35000000000000003,0.11027245763075773
171,0,0,0,33.5,1,61.0,0,0,1,0,1,0.7625000000000001,0.06538764528744409
172,0,4,1,29.125,0,4.0,1,0,1,1,0,0.05,0.05684821399990475
173,1,1,1,11.1333,0,1.0,1,0,0,0,1,0.0125,0.021730754366528396
174,0,0,0,7.925,0,21.0,1,0,1,0,1,0.2625,0.015468569817999833
175,0,0,0,30.6958,1,56.0,0,0,1,0,0,0.7000000000000001,0.05991421140938287
176,0,1,1,7.8542,0,18.0,1,0,1,0,1,0.225,0.015330377421392339
177,0,3,1,25.4667,0,19.0,1,0,1,0,1,0.23750000000000002,0.049707687947515
178,0,0,0,28.7125,1,50.0,0,0,0,0,0,0.625,0.05604306762136532
179,0,0,0,13.0,0,30.0,0,1,1,0,1,0.375,0.025374310111545468
180,0,0,0,0.0,0,36.0,1,0,1,0,1,0.45,0.0
181,0,8,2,69.55,0,37.0,1,0,0,0,1,0.4625,0.13575255909676825
182,0,0,0,15.05,0,25.0,0,1,1,0,0,0.3125,0.02937564362913533
183,0,4,2,31.3875,0,9.0,1,0,1,0,1,0.1125,0.06126431989431795
184,1,2,1,39.0,1,1.0,0,1,1,0,1,0.0125,0.07612293033463641
185,1,0,2,22.025,0,4.0,1,0,0,0,1,0.05,0.04298993693898376
186,0,0,0,50.0,1,37.0,0,0,1,0,1,0.4625,0.09759350042902103
187,1,1,0,15.5,0,34.0,1,0,0,1,0,0.42500000000000004,0.030253985132996517
188,1,0,0,26.55,0,45.0,0,0,1,0,1,0.5625,0.051822148727810165
189,0,1,1,15.5,0,40.0,1,0,1,1,0,0.5,0.030253985132996517
190,0,0,0,7.8958,0,36.0,1,0,1,0,1,0.45,0.015411575213749286
191,1,0,0,13.0,0,32.0,0,1,0,0,1,0.4,0.025374310111545468
192,0,0,0,13.0,0,19.0,0,1,1,0,1,0.23750000000000002,0.025374310111545468
193,1,1,0,7.8542,0,19.0,1,0,0,0,1,0.23750000000000002,0.015330377421392339
194,1,1,1,26.0,1,3.0,0,1,1,0,1,0.037500000000000006,0.050748620223090936
195,1,0,0,27.7208,1,44.0,0,0,0,0,0,0.55,0.05410739813385612
196,1,0,0,146.5208,1,58.0,0,0,0,0,0,0.7250000000000001,0.2859895551532101
197,0,0,0,7.75,0,35.0,1,0,1,1,0,0.4375,0.015126992566498259
198,0,0,1,8.4042,0,42.0,1,0,1,0,1,0.525,0.01640390592611157
199,1,0,0,7.75,0,35.0,1,0,0,1,0,0.4375,0.015126992566498259
200,0,0,0,13.0,0,24.0,0,1,0,0,1,0.30000000000000004,0.025374310111545468
201,0,0,0,9.5,0,28.0,1,0,1,0,1,0.35000000000000003,0.018542765081513996
202,0,8,2,69.55,0,37.0,1,0,1,0,1,0.4625,0.13575255909676825
203,0,0,0,6.4958,0,34.0,1,0,1,0,1,0.42500000000000004,0.012678957201736696
204,0,0,0,7.225,0,46.0,1,0,1,0,0,0.5750000000000001,0.014102260811993537
205,1,0,0,8.05,0,18.0,1,0,1,0,1,0.225,0.015712553569072387
206,0,0,1,10.4625,1,2.0,1,0,0,0,1,0.025,0.02042143996477265
207,0,1,0,15.85,0,32.0,1,0,1,0,1,0.4,0.030937139635999665
208,1,0,0,18.7875,0,26.0,1,0,1,0,0,0.325,0.036670757786204655
209,1,0,0,7.75,0,16.0,1,0,0,1,0,0.2,0.015126992566498259
210,1,0,0,31.0,1,40.0,0,0,1,0,0,0.5,0.060507970265993034
211,0,0,0,7.05,0,24.0,1,0,1,0,1,0.30000000000000004,0.013760683560491965
212,1,0,0,21.0,0,35.0,0,1,0,0,1,0.4375,0.04098927018018883
213,0,0,0,7.25,0,22.0,1,0,1,0,1,0.275,0.014151057562208049
214,0,0,0,13.0,0,30.0,0,1,1,0,1,0.375,0.025374310111545468
215,0,1,0,7.75,0,25.0,1,0,1,1,0,0.3125,0.015126992566498259
216,1,1,0,113.275,1,31.0,0,0,0,0,0,0.3875,0.22109807522194713
217,1,0,0,7.925,0,27.0,1,0,0,0,1,0.3375,0.015468569817999833
218,0,1,0,27.0,0,42.0,0,1,1,0,1,0.525,0.05270049023167135
219,1,0,0,76.2917,1,32.0,0,0,0,0,0,0.4,0.14891148113361488
220,0,0,0,10.5,0,30.0,0,1,1,0,1,0.375,0.020494635090094415
221,1,0,0,8.05,0,16.0,1,0,1,0,1,0.2,0.015712553569072387
222,0,0,0,13.0,0,27.0,0,1,1,0,1,0.3375,0.025374310111545468
223,0,0,0,8.05,0,51.0,1,0,1,0,1,0.6375000000000001,0.015712553569072387
224,0,0,0,7.8958,0,33.0,1,0,1,0,1,0.41250000000000003,0.015411575213749286
225,1,1,0,90.0,1,38.0,0,0,1,0,1,0.47500000000000003,0.17566830077223786
226,0,0,0,9.35,0,22.0,1,0,1,0,1,0.275,0.018249984580226933
227,1,0,0,10.5,0,19.0,0,1,1,0,1,0.23750000000000002,0.020494635090094415
228,0,0,0,7.25,0,20.0,1,0,1,0,1,0.25,0.014151057562208049
229,0,0,0,13.0,0,18.0,0,1,1,0,1,0.225,0.025374310111545468
230,0,3,1,25.4667,0,19.0,1,0,0,0,1,0.23750000000000002,0.049707687947515
231,1,1,0,83.475,1,35.0,0,0,0,0,1,0.4375,0.16293234896625058
232,0,0,0,7.775,0,29.0,1,0,1,0,1,0.36250000000000004,0.015175789316712771
233,0,0,0,13.5,0,59.0,0,1,1,0,1,0.7375,0.026350245115835676
234,1,4,2,31.3875,0,5.0,1,0,0,0,1,0.0625,0.06126431989431795
235,0,0,0,10.5,0,24.0,0,1,1,0,1,0.30000000000000004,0.020494635090094415
236,0,0,0,7.55,0,32.0,1,0,0,0,1,0.4,0.014736618564782174
237,0,1,0,26.0,0,44.0,0,1,1,0,1,0.55,0.050748620223090936
238,1,0,2,26.25,0,8.0,0,1,0,0,1,0.1,0.05123658772523604
239,0,0,0,10.5,0,19.0,0,1,1,0,1,0.23750000000000002,0.020494635090094415
240,0,0,0,12.275,0,33.0,0,1,1,0,1,0.41250000000000003,0.023959204355324663
241,0,1,0,14.4542,0,21.0,1,0,0,0,0,0.2625,0.028212719478023115
242,1,1,0,15.5,0,34.0,1,0,0,1,0,0.42500000000000004,0.030253985132996517
243,0,0,0,10.5,0,29.0,0,1,1,0,1,0.36250000000000004,0.020494635090094415
244,0,0,0,7.125,0,22.0,1,0,1,0,1,0.275,0.013907073811135496
245,0,0,0,7.225,0,30.0,1,0,1,0,0,0.375,0.014102260811993537
246,0,2,0,90.0,1,44.0,0,0,1,1,0,0.55,0.17566830077223786
247,0,0,0,7.775,0,25.0,1,0,0,0,1,0.3125,0.015175789316712771
248,1,0,2,14.5,0,24.0,0,1,0,0,1,0.30000000000000004,0.028302115124416098
249,1,1,1,52.5542,1,37.0,0,0,1,0,1,0.4625,0.10257896680493714
250,0,1,0,26.0,0,54.0,0,1,1,0,1,0.675,0.050748620223090936
251,0,0,0,7.25,0,29.0,1,0,1,0,1,0.36250000000000004,0.014151057562208049
252,0,1,1,10.4625,1,29.0,1,0,0,0,1,0.36250000000000004,0.02042143996477265
253,0,0,0,26.55,1,62.0,0,0,1,0,1,0.775,0.051822148727810165
254,0,1,0,16.1,0,30.0,1,0,1,0,1,0.375,0.031425107138144774
255,0,0,2,20.2125,0,41.0,1,0,0,0,1,0.5125000000000001,0.039452172548431745
256,1,0,2,15.2458,0,29.0,1,0,0,0,0,0.36250000000000004,0.029757819776815374
257,1,0,0,79.2,0,34.0,0,0,0,0,0,0.42500000000000004,0.15458810467956932
258,1,0,0,86.5,1,30.0,0,0,0,0,1,0.375,0.16883675574220638
259,1,0,0,512.3292,0,35.0,0,0,0,0,0,0.4375,1.0
260,1,0,1,26.0,0,50.0,0,1,0,0,1,0.625,0.050748620223090936
261,0,0,0,7.75,0,35.0,1,0,1,1,0,0.4375,0.015126992566498259
262,1,4,2,31.3875,0,3.0,1,0,1,0,1,0.037500000000000006,0.06126431989431795
263,0,1,1,79.65,1,52.0,0,0,1,0,1,0.65,0.1554664461834305
264,0,0,0,0.0,1,40.0,0,0,1,0,1,0.5,0.0
265,0,0,0,7.75,0,35.0,1,0,0,1,0,0.4375,0.015126992566498259
266,0,0,0,10.5,0,36.0,0,1,1,0,1,0.45,0.020494635090094415
267,0,4,1,39.6875,0,16.0,1,0,1,0,1,0.2,0.07746484096553544
268,1,1,0,7.775,0,25.0,1,0,1,0,1,0.3125,0.015175789316712771
269,1,0,1,153.4625,1,58.0,0,0,0,0,1,0.7250000000000001,0.2995388511917728
270,1,0,0,135.6333,1,35.0,0,0,0,0,1,0.4375,0.2647385704347907
271,0,0,0,31.0,0,30.0,0,0,1,0,1,0.375,0.060507970265993034
272,1,0,0,0.0,0,25.0,1,0,1,0,1,0.3125,0.0
273,1,0,1,19.5,0,41.0,0,1,0,0,1,0.5125000000000001,0.038061465167318204
274,0,0,1,29.7,1,37.0,0,0,1,0,0,0.4625,0.057970539254838485
275,1,0,0,7.75,0,35.0,1,0,0,1,0,0.4375,0.015126992566498259
276,1,1,0,77.9583,1,63.0,0,0,0,0,1,0.7875000000000001,0.15216446768991498
277,0,0,0,7.75,0,45.0,1,0,0,0,1,0.5625,0.015126992566498259
278,0,0,0,0.0,0,36.0,0,1,1,0,1,0.45,0.0
279,0,4,1,29.125,0,7.0,1,0,1,1,0,0.08750000000000001,0.05684821399990475
280,1,1,1,20.25,0,35.0,1,0,0,0,1,0.4375,0.03952536767375352
281,0,0,0,7.75,0,65.0,1,0,1,1,0,0.8125,0.015126992566498259
282,0,0,0,7.8542,0,28.0,1,0,1,0,1,0.35000000000000003,0.015330377421392339
283,0,0,0,9.5,0,16.0,1,0,1,0,1,0.2,0.018542765081513996
284,1,0,0,8.05,0,19.0,1,0,1,0,1,0.23750000000000002,0.015712553569072387
285,0,0,0,26.0,1,47.0,0,0,1,0,1,0.5875,0.050748620223090936
286,0,0,0,8.6625,0,33.0,1,0,1,0,0,0.41250000000000003,0.016908073949327893
287,1,0,0,9.5,0,30.0,1,0,1,0,1,0.375,0.018542765081513996
288,0,0,0,7.8958,0,22.0,1,0,1,0,1,0.275,0.015411575213749286
289,1,0,0,13.0,0,42.0,0,1,1,0,1,0.525,0.025374310111545468
290,1,0,0,7.75,0,22.0,1,0,0,1,0,0.275,0.015126992566498259
291,1,0,0,78.85,0,26.0,0,0,0,0,1,0.325,0.15390495017656614
292,1,1,0,91.0792,1,19.0,0,0,0,0,0,0.23750000000000002,0.17777475888549785
293,0,0,0,12.875,1,36.0,0,1,1,0,0,0.45,0.025130326360472913
294,0,0,0,8.85,0,24.0,1,0,0,0,1,0.30000000000000004,0.01727404957593672
295,0,0,0,7.8958,0,24.0,1,0,1,0,1,0.30000000000000004,0.015411575213749286
296,0,0,0,27.7208,0,40.0,0,0,1,0,0,0.5,0.05410739813385612
297,0,0,0,7.2292,0,24.0,1,0,1,0,0,0.30000000000000004,0.014110458666029575
298,0,1,2,151.55,1,2.0,0,0,0,0,1,0.025,0.29580589980036276
299,1,0,0,30.5,1,46.0,0,0,1,0,1,0.5750000000000001,0.05953203526170282
300,1,0,1,247.5208,1,50.0,0,0,0,0,0,0.625,0.4831284260198326
301,1,0,0,7.75,0,35.0,1,0,0,1,0,0.4375,0.015126992566498259
302,1,2,0,23.25,0,29.0,1,0,1,1,0,0.36250000000000004,0.04538097769949478
303,0,0,0,0.0,0,19.0,1,0,1,0,1,0.23750000000000002,0.0
304,1,0,0,12.35,1,33.0,0,1,0,1,0,0.41250000000000003,0.024105594605968193
305,0,0,0,8.05,0,19.0,1,0,1,0,1,0.23750000000000002,0.015712553569072387
306,1,1,2,151.55,1,1.0,0,0,1,0,1,0.0125,0.29580589980036276
307,1,0,0,110.8833,0,32.0,0,0,0,0,0,0.4,0.21642978772242535
308,1,1,0,108.9,1,17.0,0,0,0,0,0,0.21250000000000002,0.2125586439344078
309,0,1,0,24.0,0,30.0,0,1,1,0,0,0.375,0.04684488020593009
310,1,0,0,56.9292,1,30.0,0,0,0,0,0,0.375,0.11111839809247648
311,1,0,0,83.1583,1,24.0,0,0,0,0,0,0.30000000000000004,0.16231419173453318
312,1,2,2,262.375,1,18.0,0,0,0,0,0,0.225,0.5121218935012878
313,0,1,1,26.0,0,26.0,0,1,0,0,1,0.325,0.050748620223090936
314,0,0,0,7.8958,0,28.0,1,0,1,0,1,0.35000000000000003,0.015411575213749286
315,0,1,1,26.25,0,43.0,0,1,1,0,1,0.5375,0.05123658772523604
316,1,0,0,7.8542,0,26.0,1,0,0,0,1,0.325,0.015330377421392339
317,1,1,0,26.0,0,24.0,0,1,0,0,1,0.30000000000000004,0.050748620223090936
318,0,0,0,14.0,0,54.0,0,1,1,0,1,0.675,0.027326180120125887
319,1,0,2,164.8667,1,31.0,0,0,0,0,1,0.3875,0.32179836714362564
320,1,1,1,134.5,1,40.0,0,0,0,0,0,0.5,0.2625265161540666
321,0,0,0,7.25,0,22.0,1,0,1,0,1,0.275,0.014151057562208049
322,0,0,0,7.8958,0,27.0,1,0,1,0,1,0.3375,0.015411575213749286
323,1,0,0,12.35,0,30.0,0,1,0,1,0,0.375,0.024105594605968193
324,1,1,1,29.0,0,22.0,0,1,0,0,1,0.275,0.056604230248832196
325,0,8,2,69.55,0,37.0,1,0,1,0,1,0.4625,0.13575255909676825
326,1,0,0,135.6333,1,36.0,0,0,0,0,0,0.45,0.2647385704347907
327,0,0,0,6.2375,0,61.0,1,0,1,0,1,0.7625000000000001,0.012174789178520372
328,1,0,0,13.0,1,36.0,0,1,0,0,1,0.45,0.025374310111545468
329,1,1,1,20.525,0,31.0,1,0,0,0,1,0.3875,0.04006213192611313
330,1,0,1,57.9792,1,16.0,0,0,0,0,0,0.2,0.11316786160148591
331,1,2,0,23.25,0,29.0,1,0,0,1,0,0.36250000000000004,0.04538097769949478
332,0,0,0,28.5,1,46.0,0,0,1,0,1,0.5750000000000001,0.055628295244541985
333,0,0,1,153.4625,1,38.0,0,0,1,0,1,0.47500000000000003,0.2995388511917728
334,0,2,0,18.0,0,16.0,1,0,1,0,1,0.2,0.03513366015444757
335,1,1,0,133.65,0,41.0,0,0,0,0,1,0.5125000000000001,0.2608674266467732
336,0,0,0,7.8958,0,33.0,1,0,1,0,1,0.41250000000000003,0.015411575213749286
337,0,1,0,66.6,1,29.0,0,0,1,0,1,0.36250000000000004,0.12999454257145598
338,1,0,0,134.5,1,41.0,0,0,0,0,0,0.5125000000000001,0.2625265161540666
339,1,0,0,8.05,0,45.0,1,0,1,0,1,0.5625,0.015712553569072387
340,0,0,0,35.5,1,45.0,0,0,1,0,1,0.5625,0.06929138530460494
341,1,1,1,26.0,1,2.0,0,1,1,0,1,0.025,0.050748620223090936
342,1,3,2,263.0,1,24.0,0,0,0,0,1,0.30000000000000004,0.5133418122566507
343,0,0,0,13.0,0,28.0,0,1,1,0,1,0.35000000000000003,0.025374310111545468
344,0,0,0,13.0,0,25.0,0,1,1,0,1,0.3125,0.025374310111545468
345,0,0,0,13.0,0,36.0,0,1,1,0,1,0.45,0.025374310111545468
346,1,0,0,13.0,1,24.0,0,1,0,0,1,0.30000000000000004,0.025374310111545468
347,1,0,0,13.0,0,40.0,0,1,0,0,1,0.5,0.025374310111545468
348,1,1,0,16.1,0,27.0,1,0,0,0,1,0.3375,0.031425107138144774
349,1,1,1,15.9,0,3.0,1,0,1,0,1,0.037500000000000006,0.031034733136428686
350,0,0,0,8.6625,0,42.0,1,0,1,0,1,0.525,0.016908073949327893
351,0,0,0,9.225,0,23.0,1,0,1,0,1,0.28750000000000003,0.01800600082915438
352,0,0,0,35.0,1,52.0,0,0,1,0,1,0.65,0.06831545030031472
353,0,1,1,7.2292,0,15.0,1,0,1,0,0,0.1875,0.014110458666029575
354,0,1,0,17.8,0,25.0,1,0,1,0,1,0.3125,0.034743286152731485
355,0,0,0,7.225,0,28.0,1,0,1,0,0,0.35000000000000003,0.014102260811993537
356,0,0,0,9.5,0,28.0,1,0,1,0,1,0.35000000000000003,0.018542765081513996
357,1,0,1,55.0,1,22.0,0,0,0,0,1,0.275,0.10735285047192313
358,0,0,0,13.0,0,38.0,0,1,0,0,1,0.47500000000000003,0.025374310111545468
359,1,0,0,7.8792,0,19.0,1,0,0,1,0,0.23750000000000002,0.01537917417160685
360,1,0,0,7.8792,0,19.0,1,0,0,1,0,0.23750000000000002,0.01537917417160685
361,0,1,4,27.9,0,40.0,1,0,1,0,1,0.5,0.05445717323939373
362,0,1,0,27.7208,0,29.0,0,1,1,0,0,0.36250000000000004,0.05410739813385612
363,0,0,1,14.4542,0,45.0,1,0,0,0,0,0.5625,0.028212719478023115
364,0,0,0,7.05,0,35.0,1,0,1,0,1,0.4375,0.013760683560491965
365,0,1,0,15.5,0,34.0,1,0,1,1,0,0.42500000000000004,0.030253985132996517
366,0,0,0,7.25,0,30.0,1,0,1,0,1,0.375,0.014151057562208049
367,1,1,0,75.25,1,60.0,0,0,0,0,0,0.75,0.14687821814567664
368,1,0,0,7.2292,0,23.0,1,0,0,0,0,0.28750000000000003,0.014110458666029575
369,1,0,0,7.75,0,35.0,1,0,0,1,0,0.4375,0.015126992566498259
370,1,0,0,69.3,1,24.0,0,0,0,0,0,0.30000000000000004,0.13526459159462315
371,1,1,0,55.4417,1,25.0,0,0,1,0,0,0.3125,0.1082149914547131
372,0,1,0,6.4958,0,18.0,1,0,1,0,1,0.225,0.012678957201736696
373,0,0,0,8.05,0,19.0,1,0,1,0,1,0.23750000000000002,0.015712553569072387
374,0,0,0,135.6333,0,22.0,0,0,1,0,0,0.275,0.2647385704347907
375,0,3,1,21.075,0,3.0,1,0,0,0,1,0.037500000000000006,0.04113566043083236
376,1,1,0,82.1708,0,28.0,0,0,0,0,0,0.35000000000000003,0.16038672010106003
377,1,0,0,7.25,0,22.0,1,0,0,0,1,0.275,0.014151057562208049
378,0,0,2,211.5,1,27.0,0,0,1,0,0,0.3375,0.41282050681475896
379,0,0,0,4.0125,0,20.0,1,0,1,0,0,0.25,0.007831878409428937
380,0,0,0,7.775,0,19.0,1,0,1,0,1,0.23750000000000002,0.015175789316712771
381,1,0,0,227.525,0,42.0,0,0,0,0,0,0.525,0.4440992237022602
382,1,0,2,15.7417,0,1.0,1,0,0,0,0,0.0125,0.030725752114070404
383,0,0,0,7.925,0,32.0,1,0,1,0,1,0.4,0.015468569817999833
384,1,1,0,52.0,0,35.0,0,0,0,0,1,0.4375,0.10149724044618187
385,0,0,0,7.8958,0,33.0,1,0,1,0,1,0.41250000000000003,0.015411575213749286
386,0,0,0,73.5,0,18.0,0,1,1,0,1,0.225,0.1434624456306609
387,0,5,2,46.9,0,1.0,1,0,1,0,1,0.0125,0.09154270340242172
388,1,0,0,13.0,0,36.0,0,1,0,0,1,0.45,0.025374310111545468
389,0,0,0,7.7292,0,22.0,1,0,1,1,0,0.275,0.015086393670319786
390,1,0,0,12.0,0,17.0,0,1,0,0,0,0.21250000000000002,0.023422440102965045
391,1,1,2,120.0,1,36.0,0,0,1,0,1,0.45,0.23422440102965048
392,1,0,0,7.7958,0,21.0,1,0,1,0,1,0.2625,0.015216388212891242
393,0,2,0,7.925,0,28.0,1,0,1,0,1,0.35000000000000003,0.015468569817999833
394,1,1,0,113.275,1,23.0,0,0,0,0,0,0.28750000000000003,0.22109807522194713
395,1,0,2,16.7,1,24.0,1,0,0,0,1,0.30000000000000004,0.03259622914329302
396,0,0,0,7.7958,0,22.0,1,0,1,0,1,0.275,0.015216388212891242
397,0,0,0,7.8542,0,31.0,1,0,0,0,1,0.3875,0.015330377421392339
398,0,0,0,26.0,0,46.0,0,1,1,0,1,0.5750000000000001,0.050748620223090936
399,0,0,0,10.5,0,23.0,0,1,1,0,1,0.28750000000000003,0.020494635090094415
400,1,0,0,12.65,0,28.0,0,1,0,0,1,0.35000000000000003,0.02469115560854232
401,1,0,0,7.925,0,39.0,1,0,1,0,1,0.48750000000000004,0.015468569817999833
402,0,0,0,8.05,0,26.0,1,0,1,0,1,0.325,0.015712553569072387
403,0,1,0,9.825,0,21.0,1,0,0,0,1,0.2625,0.019177122834302632
404,0,1,0,15.85,0,28.0,1,0,1,0,1,0.35000000000000003,0.030937139635999665
405,0,0,0,8.6625,0,20.0,1,0,0,0,1,0.25,0.016908073949327893
406,0,1,0,21.0,0,34.0,0,1,1,0,1,0.42500000000000004,0.04098927018018883
407,0,0,0,7.75,0,51.0,1,0,1,0,1,0.6375000000000001,0.015126992566498259
408,1,1,1,18.75,0,3.0,0,1,1,0,1,0.037500000000000006,0.03659756266088288
409,0,0,0,7.775,0,21.0,1,0,1,0,1,0.2625,0.015175789316712771
410,0,3,1,25.4667,0,19.0,1,0,0,0,1,0.23750000000000002,0.049707687947515
411,0,0,0,7.8958,0,33.0,1,0,1,0,1,0.41250000000000003,0.015411575213749286
412,0,0,0,6.8583,0,27.0,1,0,1,1,0,0.3375,0.013386510079847098
413,1,1,0,90.0,1,33.0,0,0,0,1,0,0.41250000000000003,0.17566830077223786
414,0,0,0,0.0,0,36.0,0,1,1,0,1,0.45,0.0
415,1,0,0,7.925,0,44.0,1,0,1,0,1,0.55,0.015468569817999833
416,0,0,0,8.05,0,19.0,1,0,0,0,1,0.23750000000000002,0.015712553569072387
417,1,1,1,32.5,0,34.0,0,1,0,0,1,0.42500000000000004,0.06343577527886367
418,1,0,2,13.0,0,18.0,0,1,0,0,1,0.225,0.025374310111545468
419,0,0,0,13.0,0,30.0,0,1,1,0,1,0.375,0.025374310111545468
420,0,0,2,24.15,0,10.0,1,0,0,0,1,0.125,0.04713766070721715
421,0,0,0,7.8958,0,33.0,1,0,1,0,0,0.41250000000000003,0.015411575213749286
422,0,0,0,7.7333,0,21.0,1,0,1,1,0,0.2625,0.015094396337354966
423,0,0,0,7.875,0,29.0,1,0,1,0,1,0.36250000000000004,0.015370976317570811
424,0,1,1,14.4,0,28.0,1,0,0,0,1,0.35000000000000003,0.028106928123558056
425,0,1,1,20.2125,0,18.0,1,0,1,0,1,0.225,0.039452172548431745
426,0,0,0,7.25,0,29.0,1,0,1,0,1,0.36250000000000004,0.014151057562208049
427,1,1,0,26.0,0,28.0,0,1,0,0,1,0.35000000000000003,0.050748620223090936
428,1,0,0,26.0,0,19.0,0,1,0,0,1,0.23750000000000002,0.050748620223090936
429,0,0,0,7.75,0,35.0,1,0,1,1,0,0.4375,0.015126992566498259
430,1,0,0,8.05,1,32.0,1,0,1,0,1,0.4,0.015712553569072387
431,1,0,0,26.55,1,28.0,0,0,1,0,1,0.35000000000000003,0.051822148727810165
432,1,1,0,16.1,0,27.0,1,0,0,0,1,0.3375,0.031425107138144774
433,1,1,0,26.0,0,42.0,0,1,0,0,1,0.525,0.050748620223090936
434,0,0,0,7.125,0,17.0,1,0,1,0,1,0.21250000000000002,0.013907073811135496
435,0,1,0,55.9,1,50.0,0,0,1,0,1,0.625,0.1091095334796455
436,1,1,2,120.0,1,14.0,0,0,0,0,1,0.17500000000000002,0.23422440102965048
437,0,2,2,34.375,0,21.0,1,0,0,0,1,0.2625,0.06709553154495196
438,1,2,3,18.75,0,24.0,0,1,0,0,1,0.30000000000000004,0.03659756266088288
439,0,1,4,263.0,1,64.0,0,0,1,0,1,0.8,0.5133418122566507
440,0,0,0,10.5,0,31.0,0,1,1,0,1,0.3875,0.020494635090094415
441,1,1,1,26.25,0,45.0,0,1,0,0,1,0.5625,0.05123658772523604
442,0,0,0,9.5,0,20.0,1,0,1,0,1,0.25,0.018542765081513996
443,0,1,0,7.775,0,25.0,1,0,1,0,1,0.3125,0.015175789316712771
444,1,0,0,13.0,0,28.0,0,1,0,0,1,0.35000000000000003,0.025374310111545468
445,1,0,0,8.1125,0,36.0,1,0,1,0,1,0.45,0.015834545444608664
446,1,0,2,81.8583,1,4.0,0,0,1,0,1,0.05,0.15977676072337862
447,1,0,1,19.5,0,13.0,0,1,0,0,1,0.1625,0.038061465167318204
448,1,0,0,26.55,0,34.0,0,0,1,0,1,0.42500000000000004,0.051822148727810165
449,1,2,1,19.2583,0,5.0,1,0,0,0,0,0.0625,0.03758969818624431
450,1,0,0,30.5,1,52.0,0,0,1,0,1,0.65,0.05953203526170282
451,0,1,2,27.75,0,36.0,0,1,1,0,1,0.45,0.05416439273810667
452,0,1,0,19.9667,0,25.0,1,0,1,0,1,0.3125,0.03897240290032268
453,0,0,0,27.75,1,30.0,0,0,1,0,0,0.375,0.05416439273810667
454,1,1,0,89.1042,1,49.0,0,0,1,0,0,0.6125,0.17391981561855152
455,0,0,0,8.05,0,19.0,1,0,1,0,1,0.23750000000000002,0.015712553569072387
456,1,0,0,7.8958,0,29.0,1,0,1,0,0,0.36250000000000004,0.015411575213749286
457,0,0,0,26.55,1,65.0,0,0,1,0,1,0.8125,0.051822148727810165
458,1,1,0,51.8625,1,41.0,0,0,0,0,1,0.5125000000000001,0.10122885832000206
459,1,0,0,10.5,0,50.0,0,1,0,0,1,0.625,0.020494635090094415
460,0,0,0,7.75,0,35.0,1,0,1,1,0,0.4375,0.015126992566498259
461,1,0,0,26.55,1,48.0,0,0,1,0,1,0.6000000000000001,0.051822148727810165
462,0,0,0,8.05,0,34.0,1,0,1,0,1,0.42500000000000004,0.015712553569072387
463,0,0,0,38.5,1,47.0,0,0,1,0,1,0.5875,0.07514699533034619
464,0,0,0,13.0,0,48.0,0,1,1,0,1,0.6000000000000001,0.025374310111545468
465,0,0,0,8.05,0,19.0,1,0,1,0,1,0.23750000000000002,0.015712553569072387
466,0,0,0,7.05,0,38.0,1,0,1,0,1,0.47500000000000003,0.013760683560491965
467,0,0,0,0.0,0,36.0,0,1,1,0,1,0.45,0.0
468,0,0,0,26.55,0,56.0,0,0,1,0,1,0.7000000000000001,0.051822148727810165
469,0,0,0,7.725,0,26.0,1,0,1,1,0,0.325,0.015078195816283748
470,1,2,1,19.2583,0,1.0,1,0,0,0,0,0.0125,0.03758969818624431
471,0,0,0,7.25,0,29.0,1,0,1,0,1,0.36250000000000004,0.014151057562208049
472,0,0,0,8.6625,0,38.0,1,0,1,0,1,0.47500000000000003,0.016908073949327893
473,1,1,2,27.75,0,33.0,0,1,0,0,1,0.41250000000000003,0.05416439273810667
474,1,0,0,13.7917,1,23.0,0,1,0,0,0,0.28750000000000003,0.026919605597338588
475,0,0,0,9.8375,0,22.0,1,0,0,0,1,0.275,0.019201521209409888
476,0,0,0,52.0,1,47.0,0,0,1,0,1,0.5875,0.10149724044618187
477,0,1,0,21.0,0,34.0,0,1,1,0,1,0.42500000000000004,0.04098927018018883
478,0,1,0,7.0458,0,29.0,1,0,1,0,1,0.36250000000000004,0.013752485706455927
479,0,0,0,7.5208,0,22.0,1,0,1,0,1,0.275,0.014679623960531627
480,1,0,1,12.2875,0,2.0,1,0,0,0,1,0.025,0.023983602730431916
481,0,5,2,46.9,0,9.0,1,0,1,0,1,0.1125,0.09154270340242172
482,0,0,0,0.0,0,36.0,0,1,1,0,1,0.45,0.0
483,0,0,0,8.05,0,50.0,1,0,1,0,1,0.625,0.015712553569072387
484,1,0,0,9.5875,0,63.0,1,0,0,0,1,0.7875000000000001,0.018713553707264782
485,1,1,0,91.0792,1,25.0,0,0,1,0,0,0.3125,0.17777475888549785
486,0,3,1,25.4667,0,19.0,1,0,0,0,1,0.23750000000000002,0.049707687947515
487,1,1,0,90.0,1,35.0,0,0,0,0,1,0.4375,0.17566830077223786
488,0,0,0,29.7,1,58.0,0,0,1,0,0,0.7250000000000001,0.057970539254838485
489,0,0,0,8.05,0,30.0,1,0,1,0,1,0.375,0.015712553569072387
490,1,1,1,15.9,0,9.0,1,0,1,0,1,0.1125,0.031034733136428686
491,0,1,0,19.9667,0,25.0,1,0,1,0,1,0.3125,0.03897240290032268
492,0,0,0,7.25,0,21.0,1,0,1,0,1,0.2625,0.014151057562208049
493,0,0,0,30.5,1,55.0,0,0,1,0,1,0.6875,0.05953203526170282
494,0,0,0,49.5042,0,71.0,0,0,1,0,0,0.8875000000000001,0.09662576327876685
495,0,0,0,8.05,0,21.0,1,0,1,0,1,0.2625,0.015712553569072387
496,0,0,0,14.4583,0,17.0,1,0,1,0,0,0.21250000000000002,0.028220722145058292
497,1,1,0,78.2667,1,54.0,0,0,0,0,0,0.675,0.1527664244005612
498,0,0,0,15.1,0,21.0,1,0,1,0,1,0.2625,0.029473237129564348
499,0,1,2,151.55,1,25.0,0,0,0,0,1,0.3125,0.29580589980036276
500,0,0,0,7.7958,0,24.0,1,0,1,0,1,0.30000000000000004,0.015216388212891242
501,0,0,0,8.6625,0,17.0,1,0,1,0,1,0.21250000000000002,0.016908073949327893
502,0,0,0,7.75,0,21.0,1,0,0,1,0,0.2625,0.015126992566498259
503,0,0,0,7.6292,0,24.0,1,0,0,1,0,0.30000000000000004,0.014891206669461744
504,0,0,0,9.5875,0,37.0,1,0,0,0,1,0.4625,0.018713553707264782
505,1,0,0,86.5,1,16.0,0,0,0,0,1,0.2,0.16883675574220638
506,0,1,0,108.9,1,18.0,0,0,1,0,0,0.225,0.2125586439344078
507,1,0,2,26.0,0,33.0,0,1,0,0,1,0.41250000000000003,0.050748620223090936
508,1,0,0,26.55,0,48.0,0,0,1,0,1,0.6000000000000001,0.051822148727810165
509,0,0,0,22.525,0,28.0,1,0,1,0,1,0.35000000000000003,0.04396587194327397
510,1,0,0,56.4958,0,26.0,1,0,1,0,1,0.325,0.11027245763075773
511,1,0,0,7.75,0,29.0,1,0,1,1,0,0.36250000000000004,0.015126992566498259
512,0,0,0,8.05,0,19.0,1,0,1,0,1,0.23750000000000002,0.015712553569072387
513,1,0,0,26.2875,1,36.0,0,0,1,0,1,0.45,0.05130978285055781
514,1,1,0,59.4,0,54.0,0,0,0,0,0,0.675,0.11594107850967697
515,0,0,0,7.4958,0,24.0,1,0,1,0,1,0.30000000000000004,0.014630827210317117
516,0,0,0,34.0208,1,47.0,0,0,1,0,1,0.5875,0.06640417918791278
517,1,0,0,10.5,1,34.0,0,1,0,0,1,0.42500000000000004,0.020494635090094415
518,0,0,0,24.15,0,39.0,1,0,1,1,0,0.48750000000000004,0.04713766070721715
519,1,1,0,26.0,0,36.0,0,1,0,0,1,0.45,0.050748620223090936
520,0,0,0,7.8958,0,32.0,1,0,1,0,1,0.4,0.015411575213749286
521,1,0,0,93.5,1,30.0,0,0,0,0,1,0.375,0.18249984580226933
522,0,0,0,7.8958,0,22.0,1,0,1,0,1,0.275,0.015411575213749286
523,0,0,0,7.225,0,28.0,1,0,1,0,0,0.35000000000000003,0.014102260811993537
524,1,0,1,57.9792,1,44.0,0,0,0,0,0,0.55,0.11316786160148591
525,0,0,0,7.2292,0,23.0,1,0,1,0,0,0.28750000000000003,0.014110458666029575
526,0,0,0,7.75,0,40.0,1,0,1,1,0,0.5,0.015126992566498259
527,1,0,0,10.5,0,50.0,0,1,0,0,1,0.625,0.020494635090094415
528,0,0,0,221.7792,1,32.0,0,0,1,0,1,0.4,0.4328841690069588
529,0,0,0,7.925,0,39.0,1,0,1,0,1,0.48750000000000004,0.015468569817999833
530,0,2,1,11.5,0,23.0,0,1,1,0,1,0.28750000000000003,0.022446505098674838
531,1,1,1,26.0,0,2.0,0,1,0,0,1,0.025,0.050748620223090936
532,0,0,0,7.2292,0,23.0,1,0,1,0,0,0.28750000000000003,0.014110458666029575
533,0,1,1,7.2292,0,17.0,1,0,1,0,0,0.21250000000000002,0.014110458666029575
534,1,0,2,22.3583,0,11.0,1,0,0,0,0,0.1375,0.04364049521284362
535,0,0,0,8.6625,0,30.0,1,0,0,0,1,0.375,0.016908073949327893
536,1,0,2,26.25,0,7.0,0,1,0,0,1,0.08750000000000001,0.05123658772523604
537,0,0,0,26.55,1,45.0,0,0,1,0,1,0.5625,0.051822148727810165
538,1,0,0,106.425,0,30.0,0,0,0,0,0,0.375,0.20772776566317125
539,0,0,0,14.5,0,19.0,1,0,1,0,1,0.23750000000000002,0.028302115124416098
540,1,0,2,49.5,1,22.0,0,0,0,0,0,0.275,0.09661756542473082
541,1,0,2,71.0,1,36.0,0,0,0,0,1,0.45,0.13858277060920987
542,0,4,2,31.275,0,9.0,1,0,0,0,1,0.1125,0.06104473451835265
543,0,4,2,31.275,0,11.0,1,0,0,0,1,0.1375,0.06104473451835265
544,1,1,0,26.0,0,32.0,0,1,1,0,1,0.4,0.050748620223090936
545,0,1,0,106.425,1,50.0,0,0,1,0,0,0.625,0.20772776566317125
546,0,0,0,26.0,0,64.0,0,0,1,0,1,0.8,0.050748620223090936
547,1,1,0,26.0,0,19.0,0,1,0,0,1,0.23750000000000002,0.050748620223090936
548,1,0,0,13.8625,0,50.0,0,1,1,0,0,0.625,0.02705779799394608
549,0,1,1,20.525,0,33.0,1,0,1,0,1,0.41250000000000003,0.04006213192611313
550,1,1,1,36.75,0,8.0,0,1,1,0,1,0.1,0.07173122281533045
551,1,0,2,110.8833,1,17.0,0,0,1,0,0,0.21250000000000002,0.21642978772242535
552,0,0,0,26.0,0,27.0,0,1,1,0,1,0.3375,0.050748620223090936
553,0,0,0,7.8292,0,30.0,1,0,1,1,0,0.375,0.015281580671177828
554,1,0,0,7.225,0,22.0,1,0,1,0,0,0.275,0.014102260811993537
555,1,0,0,7.775,0,22.0,1,0,0,0,1,0.275,0.015175789316712771
556,0,0,0,26.55,0,62.0,0,0,1,0,1,0.775,0.051822148727810165
557,1,1,0,39.6,1,48.0,0,0,0,0,0,0.6000000000000001,0.07729405233978466
558,0,0,0,227.525,0,42.0,0,0,1,0,0,0.525,0.4440992237022602
559,1,1,1,79.65,1,39.0,0,0,0,0,1,0.48750000000000004,0.1554664461834305
560,1,1,0,17.4,0,36.0,1,0,0,0,1,0.45,0.033962538149299316
561,0,0,0,7.75,0,35.0,1,0,1,1,0,0.4375,0.015126992566498259
562,0,0,0,7.8958,0,40.0,1,0,1,0,1,0.5,0.015411575213749286
563,0,0,0,13.5,0,28.0,0,1,1,0,1,0.35000000000000003,0.026350245115835676
564,0,0,0,8.05,0,19.0,1,0,1,0,1,0.23750000000000002,0.015712553569072387
565,0,0,0,8.05,0,19.0,1,0,0,0,1,0.23750000000000002,0.015712553569072387
566,0,2,0,24.15,0,24.0,1,0,1,0,1,0.30000000000000004,0.04713766070721715
567,0,0,0,7.8958,0,19.0,1,0,1,0,1,0.23750000000000002,0.015411575213749286
568,0,0,4,21.075,0,29.0,1,0,0,0,1,0.36250000000000004,0.04113566043083236
569,0,0,0,7.2292,0,23.0,1,0,1,0,0,0.28750000000000003,0.014110458666029575
570,1,0,0,7.8542,0,32.0,1,0,1,0,1,0.4,0.015330377421392339
571,1,0,0,10.5,0,62.0,0,1,1,0,1,0.775,0.020494635090094415
572,1,2,0,51.4792,1,53.0,0,0,0,0,1,0.6625000000000001,0.10048070654571319
573,1,0,0,26.3875,1,36.0,0,0,1,0,1,0.45,0.051504969851415845
574,1,0,0,7.75,0,35.0,1,0,0,1,0,0.4375,0.015126992566498259
575,0,0,0,8.05,0,16.0,1,0,1,0,1,0.2,0.015712553569072387
576,0,0,0,14.5,0,19.0,1,0,1,0,1,0.23750000000000002,0.028302115124416098
577,1,0,0,13.0,0,34.0,0,1,0,0,1,0.42500000000000004,0.025374310111545468
578,1,1,0,55.9,1,39.0,0,0,0,0,1,0.48750000000000004,0.1091095334796455
579,0,1,0,14.4583,0,21.0,1,0,0,0,0,0.2625,0.028220722145058292
580,1,0,0,7.925,0,32.0,1,0,1,0,1,0.4,0.015468569817999833
581,1,1,1,30.0,0,25.0,0,1,0,0,1,0.3125,0.05855610025741262
582,1,1,1,110.8833,1,39.0,0,0,0,0,0,0.48750000000000004,0.21642978772242535
583,0,0,0,26.0,0,54.0,0,1,1,0,1,0.675,0.050748620223090936
584,0,0,0,40.125,1,36.0,0,0,1,0,0,0.45,0.07831878409428937
585,0,0,0,8.7125,0,24.0,1,0,1,0,0,0.30000000000000004,0.017005667449756914
586,1,0,2,79.65,1,18.0,0,0,0,0,1,0.225,0.1554664461834305
587,0,0,0,15.0,0,47.0,0,1,1,0,1,0.5875,0.02927805012870631
588,1,1,1,79.2,1,60.0,0,0,1,0,0,0.75,0.15458810467956932
589,0,0,0,8.05,0,22.0,1,0,1,0,1,0.275,0.015712553569072387
590,0,0,0,8.05,0,19.0,1,0,1,0,1,0.23750000000000002,0.015712553569072387
591,0,0,0,7.125,0,35.0,1,0,1,0,1,0.4375,0.013907073811135496
592,1,1,0,78.2667,1,52.0,0,0,0,0,0,0.65,0.1527664244005612
593,0,0,0,7.25,0,47.0,1,0,1,0,1,0.5875,0.014151057562208049
594,0,0,2,7.75,0,20.0,1,0,0,1,0,0.25,0.015126992566498259
595,0,1,0,26.0,0,37.0,0,1,1,0,1,0.4625,0.050748620223090936
596,0,1,1,24.15,0,36.0,1,0,1,0,1,0.45,0.04713766070721715
597,1,0,0,33.0,0,29.0,0,1,0,0,1,0.36250000000000004,0.06441171028315387
598,0,0,0,0.0,0,49.0,1,0,1,0,1,0.6125,0.0
599,0,0,0,7.225,0,28.0,1,0,1,0,0,0.35000000000000003,0.014102260811993537
600,1,1,0,56.9292,1,49.0,0,0,1,0,0,0.6125,0.11111839809247648
601,1,2,1,27.0,0,24.0,0,1,0,0,1,0.30000000000000004,0.05270049023167135
602,0,0,0,7.8958,0,33.0,1,0,1,0,1,0.41250000000000003,0.015411575213749286
603,0,0,0,42.4,0,22.0,0,0,1,0,1,0.275,0.08275928836380983
604,0,0,0,8.05,0,44.0,1,0,1,0,1,0.55,0.015712553569072387
605,1,0,0,26.55,0,35.0,0,0,1,0,0,0.4375,0.051822148727810165
606,0,1,0,15.55,0,36.0,1,0,1,0,1,0.45,0.030351578633425542
607,0,0,0,7.8958,0,30.0,1,0,1,0,1,0.375,0.015411575213749286
608,1,0,0,30.5,0,27.0,0,0,1,0,1,0.3375,0.05953203526170282
609,1,1,2,41.5792,0,22.0,0,1,0,0,0,0.275,0.08115719346076702
610,1,0,0,153.4625,1,40.0,0,0,0,0,1,0.5,0.2995388511917728
611,0,1,5,31.275,0,39.0,1,0,0,0,1,0.48750000000000004,0.06104473451835265
612,0,0,0,7.05,0,30.0,1,0,1,0,1,0.375,0.013760683560491965
613,1,1,0,15.5,0,34.0,1,0,0,1,0,0.42500000000000004,0.030253985132996517
614,0,0,0,7.75,0,35.0,1,0,1,1,0,0.4375,0.015126992566498259
615,0,0,0,8.05,0,35.0,1,0,1,0,1,0.4375,0.015712553569072387
616,1,1,2,65.0,0,24.0,0,1,0,0,1,0.30000000000000004,0.12687155055772734
617,0,1,1,14.4,0,34.0,1,0,1,0,1,0.42500000000000004,0.028106928123558056
618,0,1,0,16.1,0,26.0,1,0,0,0,1,0.325,0.031425107138144774
619,1,2,1,39.0,1,4.0,0,1,0,0,1,0.05,0.07612293033463641
620,0,0,0,10.5,0,26.0,0,1,1,0,1,0.325,0.020494635090094415
621,0,1,0,14.4542,0,27.0,1,0,1,0,0,0.3375,0.028212719478023115
622,1,1,0,52.5542,1,42.0,0,0,1,0,1,0.525,0.10257896680493714
623,1,1,1,15.7417,0,20.0,1,0,1,0,0,0.25,0.030725752114070404
624,0,0,0,7.8542,0,21.0,1,0,1,0,1,0.2625,0.015330377421392339
625,0,0,0,16.1,0,21.0,1,0,1,0,1,0.2625,0.031425107138144774
626,0,0,0,32.3208,1,61.0,0,0,1,0,1,0.7625000000000001,0.06308600017332605
627,0,0,0,12.35,0,57.0,0,1,1,1,0,0.7125,0.024105594605968193
628,1,0,0,77.9583,1,21.0,0,0,0,0,1,0.2625,0.15216446768991498
629,0,0,0,7.8958,0,26.0,1,0,1,0,1,0.325,0.015411575213749286
630,0,0,0,7.7333,0,18.0,1,0,1,1,0,0.225,0.015094396337354966
631,1,0,0,30.0,1,80.0,0,0,1,0,1,1.0,0.05855610025741262
632,0,0,0,7.0542,0,51.0,1,0,1,0,1,0.6375000000000001,0.013768881414528002
633,1,0,0,30.5,1,32.0,0,0,1,0,0,0.4,0.05953203526170282
634,0,0,0,0.0,0,38.0,0,0,1,0,1,0.47500000000000003,0.0
635,0,3,2,27.9,0,9.0,1,0,0,0,1,0.1125,0.05445717323939373
636,1,0,0,13.0,0,28.0,0,1,0,0,1,0.35000000000000003,0.025374310111545468
637,0,0,0,7.925,0,32.0,1,0,1,0,1,0.4,0.015468569817999833
638,0,1,1,26.25,0,31.0,0,1,1,0,1,0.3875,0.05123658772523604
639,0,0,5,39.6875,0,41.0,1,0,0,0,1,0.5125000000000001,0.07746484096553544
640,0,1,0,16.1,0,27.0,1,0,1,0,1,0.3375,0.031425107138144774
641,0,0,0,7.8542,0,20.0,1,0,1,0,1,0.25,0.015330377421392339
642,1,0,0,69.3,1,24.0,0,0,0,0,0,0.30000000000000004,0.13526459159462315
643,0,3,2,27.9,0,2.0,1,0,0,0,1,0.025,0.05445717323939373
644,1,0,0,56.4958,0,30.0,1,0,1,0,1,0.375,0.11027245763075773
645,1,2,1,19.2583,0,1.0,1,0,0,0,0,0.0125,0.03758969818624431
646,1,1,0,76.7292,1,48.0,0,0,1,0,0,0.6000000000000001,0.1497654242623688
647,0,0,0,7.8958,0,19.0,1,0,1,0,1,0.23750000000000002,0.015411575213749286
648,1,0,0,35.5,1,56.0,0,0,1,0,0,0.7000000000000001,0.06929138530460494
649,0,0,0,7.55,0,32.0,1,0,1,0,1,0.4,0.014736618564782174
650,1,0,0,7.55,0,23.0,1,0,0,0,1,0.28750000000000003,0.014736618564782174
651,0,0,0,7.8958,0,33.0,1,0,1,0,1,0.41250000000000003,0.015411575213749286
652,1,0,1,23.0,0,18.0,0,1,0,0,1,0.225,0.044893010197349675
653,0,0,0,8.4333,0,21.0,1,0,1,0,1,0.2625,0.01646070534336126
654,1,0,0,7.8292,0,30.0,1,0,0,1,0,0.375,0.015281580671177828
655,0,0,0,6.75,0,18.0,1,0,0,1,0,0.225,0.013175122557917838
656,0,2,0,73.5,0,24.0,0,1,1,0,1,0.30000000000000004,0.1434624456306609
657,0,0,0,7.8958,0,33.0,1,0,1,0,1,0.41250000000000003,0.015411575213749286
658,0,1,1,15.5,0,32.0,1,0,0,1,0,0.4,0.030253985132996517
659,0,0,0,13.0,0,23.0,0,1,1,0,1,0.28750000000000003,0.025374310111545468
660,0,0,2,113.275,1,58.0,0,0,1,0,0,0.7250000000000001,0.22109807522194713
661,1,2,0,133.65,0,50.0,0,0,1,0,1,0.625,0.2608674266467732
662,0,0,0,7.225,0,40.0,1,0,1,0,0,0.5,0.014102260811993537
663,0,0,0,25.5875,1,47.0,0,0,1,0,1,0.5875,0.04994347384455151
664,0,0,0,7.4958,0,36.0,1,0,1,0,1,0.45,0.014630827210317117
665,1,1,0,7.925,0,20.0,1,0,1,0,1,0.25,0.015468569817999833
666,0,2,0,73.5,0,32.0,0,1,1,0,1,0.4,0.1434624456306609
667,0,0,0,13.0,0,25.0,0,1,1,0,1,0.3125,0.025374310111545468
668,0,0,0,7.775,0,38.0,1,0,1,0,1,0.47500000000000003,0.015175789316712771
669,0,0,0,8.05,0,43.0,1,0,1,0,1,0.5375,0.015712553569072387
670,1,1,0,52.0,1,40.0,0,0,0,0,1,0.5,0.10149724044618187
671,1,1,1,39.0,0,40.0,0,1,0,0,1,0.5,0.07612293033463641
672,0,1,0,52.0,1,31.0,0,0,1,0,1,0.3875,0.10149724044618187
673,0,0,0,10.5,0,70.0,0,1,1,0,1,0.875,0.020494635090094415
674,1,0,0,13.0,0,31.0,0,1,1,0,1,0.3875,0.025374310111545468
675,0,0,0,0.0,0,36.0,0,1,1,0,1,0.45,0.0
676,0,0,0,7.775,0,18.0,1,0,1,0,1,0.225,0.015175789316712771
677,0,0,0,8.05,0,24.0,1,0,1,0,1,0.30000000000000004,0.015712553569072387
678,1,0,0,9.8417,0,18.0,1,0,0,0,1,0.225,0.019209719063445922
679,0,1,6,46.9,0,43.0,1,0,0,0,1,0.5375,0.09154270340242172
680,1,0,1,512.3292,1,36.0,0,0,1,0,0,0.45,1.0
681,0,0,0,8.1375,0,33.0,1,0,0,1,0,0.41250000000000003,0.01588334219482317
682,1,0,0,76.7292,1,27.0,0,0,1,0,0,0.3375,0.1497654242623688
683,0,0,0,9.225,0,20.0,1,0,1,0,1,0.25,0.01800600082915438
684,0,5,2,46.9,0,14.0,1,0,1,0,1,0.17500000000000002,0.09154270340242172
685,0,1,1,39.0,0,60.0,0,1,1,0,1,0.75,0.07612293033463641
686,0,1,2,41.5792,0,25.0,0,1,1,0,0,0.3125,0.08115719346076702
687,0,4,1,39.6875,0,14.0,1,0,1,0,1,0.17500000000000002,0.07746484096553544
688,0,0,0,10.1708,0,19.0,1,0,1,0,1,0.23750000000000002,0.019852079483269742
689,0,0,0,7.7958,0,18.0,1,0,1,0,1,0.225,0.015216388212891242
690,1,0,1,211.3375,1,15.0,0,0,0,0,1,0.1875,0.41250332793836464
691,1,1,0,57.0,1,31.0,0,0,1,0,1,0.3875,0.11125659048908397
692,1,0,1,13.4167,0,4.0,1,0,0,0,0,0.05,0.026187654344120927
693,1,0,0,56.4958,0,30.0,1,0,1,0,1,0.375,0.11027245763075773
694,0,0,0,7.225,0,25.0,1,0,1,0,0,0.3125,0.014102260811993537
695,0,0,0,26.55,0,60.0,0,0,1,0,1,0.75,0.051822148727810165
696,0,0,0,13.5,0,52.0,0,1,1,0,1,0.65,0.026350245115835676
697,0,0,0,8.05,0,44.0,1,0,1,0,1,0.55,0.015712553569072387
698,1,0,0,7.7333,0,18.0,1,0,0,1,0,0.225,0.015094396337354966
699,0,1,1,110.8833,1,49.0,0,0,1,0,0,0.6125,0.21642978772242535
700,0,0,0,7.65,1,42.0,1,0,1,0,1,0.525,0.014931805565640218
701,1,1,0,227.525,1,18.0,0,0,0,0,0,0.225,0.4440992237022602
702,1,0,0,26.2875,1,35.0,0,0,1,0,1,0.4375,0.05130978285055781
703,0,0,1,14.4542,0,18.0,1,0,0,0,0,0.225,0.028212719478023115
704,0,0,0,7.7417,0,25.0,1,0,1,1,0,0.3125,0.015110792045427042
705,0,1,0,7.8542,0,26.0,1,0,1,0,1,0.325,0.015330377421392339
706,0,0,0,26.0,0,39.0,0,1,1,0,1,0.48750000000000004,0.050748620223090936
707,1,0,0,13.5,0,45.0,0,1,0,0,1,0.5625,0.026350245115835676
708,1,0,0,26.2875,1,42.0,0,0,1,0,1,0.525,0.05130978285055781
709,1,0,0,151.55,0,22.0,0,0,0,0,1,0.275,0.29580589980036276
710,1,1,1,15.2458,0,9.0,1,0,1,0,0,0.1125,0.029757819776815374
711,1,0,0,49.5042,1,24.0,0,0,0,0,0,0.30000000000000004,0.09662576327876685
712,0,0,0,26.55,1,55.0,0,0,1,0,1,0.6875,0.051822148727810165
713,1,1,0,52.0,1,48.0,0,0,1,0,1,0.6000000000000001,0.10149724044618187
714,0,0,0,9.4833,0,29.0,1,0,1,0,1,0.36250000000000004,0.018510168852370702
715,0,0,0,13.0,0,52.0,0,1,1,0,1,0.65,0.025374310111545468
716,0,0,0,7.65,1,19.0,1,0,1,0,1,0.23750000000000002,0.014931805565640218
717,1,0,0,227.525,1,38.0,0,0,0,0,0,0.47500000000000003,0.4440992237022602
718,1,0,0,10.5,1,27.0,0,1,0,0,1,0.3375,0.020494635090094415
719,0,0,0,15.5,0,26.0,1,0,1,1,0,0.325,0.030253985132996517
720,0,0,0,7.775,0,33.0,1,0,1,0,1,0.41250000000000003,0.015175789316712771
721,1,0,1,33.0,0,6.0,0,1,0,0,1,0.07500000000000001,0.06441171028315387
722,0,1,0,7.0542,0,17.0,1,0,1,0,1,0.21250000000000002,0.013768881414528002
723,0,0,0,13.0,0,34.0,0,1,1,0,1,0.42500000000000004,0.025374310111545468
724,0,0,0,13.0,0,50.0,0,1,1,0,1,0.625,0.025374310111545468
725,1,1,0,53.1,1,27.0,0,0,1,0,1,0.3375,0.10364429745562033
726,0,0,0,8.6625,0,20.0,1,0,1,0,1,0.25,0.016908073949327893
727,1,3,0,21.0,0,30.0,0,1,0,0,1,0.375,0.04098927018018883
728,1,0,0,7.7375,0,22.0,1,0,0,1,0,0.275,0.015102594191391004
729,0,1,0,26.0,0,25.0,0,1,1,0,1,0.3125,0.050748620223090936
730,0,1,0,7.925,0,25.0,1,0,0,0,1,0.3125,0.015468569817999833
731,1,0,0,211.3375,1,29.0,0,0,0,0,1,0.36250000000000004,0.41250332793836464
732,0,0,0,18.7875,0,11.0,1,0,1,0,0,0.1375,0.036670757786204655
733,0,0,0,0.0,0,36.0,0,1,1,0,1,0.45,0.0
734,0,0,0,13.0,0,23.0,0,1,1,0,1,0.28750000000000003,0.025374310111545468
735,0,0,0,13.0,0,23.0,0,1,1,0,1,0.28750000000000003,0.025374310111545468
736,0,0,0,16.1,0,28.0,1,0,1,0,1,0.35000000000000003,0.031425107138144774
737,0,1,3,34.375,0,48.0,1,0,0,0,1,0.6000000000000001,0.06709553154495196
738,1,0,0,512.3292,1,35.0,0,0,1,0,0,0.4375,1.0
739,0,0,0,7.8958,0,33.0,1,0,1,0,1,0.41250000000000003,0.015411575213749286
740,0,0,0,7.8958,0,33.0,1,0,1,0,1,0.41250000000000003,0.015411575213749286
741,1,0,0,30.0,1,38.0,0,0,1,0,1,0.47500000000000003,0.05855610025741262
742,0,1,0,78.85,1,36.0,0,0,1,0,1,0.45,0.15390495017656614
743,1,2,2,262.375,1,21.0,0,0,0,0,0,0.2625,0.5121218935012878
744,0,1,0,16.1,0,24.0,1,0,1,0,1,0.30000000000000004,0.031425107138144774
745,1,0,0,7.925,0,31.0,1,0,1,0,1,0.3875,0.015468569817999833
746,0,1,1,71.0,1,70.0,0,0,1,0,1,0.875,0.13858277060920987
747,0,1,1,20.25,0,16.0,1,0,1,0,1,0.2,0.03952536767375352
748,1,0,0,13.0,0,30.0,0,1,0,0,1,0.375,0.025374310111545468
749,0,1,0,53.1,1,19.0,0,0,1,0,1,0.23750000000000002,0.10364429745562033
750,0,0,0,7.75,0,31.0,1,0,1,1,0,0.3875,0.015126992566498259
751,1,1,1,23.0,0,4.0,0,1,0,0,1,0.05,0.044893010197349675
752,1,0,1,12.475,1,6.0,1,0,1,0,1,0.07500000000000001,0.024349578357040744
753,0,0,0,9.5,0,33.0,1,0,1,0,1,0.41250000000000003,0.018542765081513996
754,0,0,0,7.8958,0,23.0,1,0,1,0,1,0.28750000000000003,0.015411575213749286
755,1,1,2,65.0,0,48.0,0,1,0,0,1,0.6000000000000001,0.12687155055772734
756,1,1,1,14.5,0,1.0,0,1,1,0,1,0.0125,0.028302115124416098
757,0,0,0,7.7958,0,28.0,1,0,1,0,1,0.35000000000000003,0.015216388212891242
758,0,0,0,11.5,0,18.0,0,1,1,0,1,0.225,0.022446505098674838
759,0,0,0,8.05,0,34.0,1,0,1,0,1,0.42500000000000004,0.015712553569072387
760,1,0,0,86.5,1,33.0,0,0,0,0,1,0.41250000000000003,0.16883675574220638
761,0,0,0,14.5,0,19.0,1,0,1,0,1,0.23750000000000002,0.028302115124416098
762,0,0,0,7.125,0,41.0,1,0,1,0,1,0.5125000000000001,0.013907073811135496
763,1,0,0,7.2292,0,20.0,1,0,1,0,0,0.25,0.014110458666029575
764,1,1,2,120.0,1,36.0,0,0,0,0,1,0.45,0.23422440102965048
765,0,0,0,7.775,0,16.0,1,0,1,0,1,0.2,0.015175789316712771
766,1,1,0,77.9583,1,51.0,0,0,0,0,1,0.6375000000000001,0.15216446768991498
767,0,0,0,39.6,0,37.0,0,0,1,0,0,0.4625,0.07729405233978466
768,0,0,0,7.75,0,30.0,1,0,0,1,0,0.375,0.015126992566498259
769,0,1,0,24.15,0,32.0,1,0,1,1,0,0.4,0.04713766070721715
770,0,0,0,8.3625,0,32.0,1,0,1,0,1,0.4,0.016322512946753766
771,0,0,0,9.5,0,24.0,1,0,1,0,1,0.30000000000000004,0.018542765081513996
772,0,0,0,7.8542,0,48.0,1,0,1,0,1,0.6000000000000001,0.015330377421392339
773,0,0,0,10.5,1,57.0,0,1,0,0,1,0.7125,0.020494635090094415
774,0,0,0,7.225,0,28.0,1,0,1,0,0,0.35000000000000003,0.014102260811993537
775,1,1,3,23.0,0,54.0,0,1,0,0,1,0.675,0.044893010197349675
776,0,0,0,7.75,0,18.0,1,0,1,0,1,0.225,0.015126992566498259
777,0,0,0,7.75,1,29.0,1,0,1,1,0,0.36250000000000004,0.015126992566498259
778,1,0,0,12.475,0,5.0,1,0,0,0,1,0.0625,0.024349578357040744
779,0,0,0,7.7375,0,22.0,1,0,1,1,0,0.275,0.015102594191391004
780,1,0,1,211.3375,1,43.0,0,0,0,0,1,0.5375,0.41250332793836464
781,1,0,0,7.2292,0,13.0,1,0,0,0,0,0.1625,0.014110458666029575
782,1,1,0,57.0,1,17.0,0,0,0,0,1,0.21250000000000002,0.11125659048908397
783,0,0,0,30.0,1,29.0,0,0,1,0,1,0.36250000000000004,0.05855610025741262
784,0,1,2,23.45,0,32.0,1,0,1,0,1,0.4,0.04577135170121086
785,0,0,0,7.05,0,25.0,1,0,1,0,1,0.3125,0.013760683560491965
786,0,0,0,7.25,0,25.0,1,0,1,0,1,0.3125,0.014151057562208049
787,1,0,0,7.4958,0,18.0,1,0,0,0,1,0.225,0.014630827210317117
788,0,4,1,29.125,0,8.0,1,0,1,1,0,0.1,0.05684821399990475
789,1,1,2,20.575,0,1.0,1,0,1,0,1,0.0125,0.04015972542654215
790,0,0,0,79.2,1,46.0,0,0,1,0,0,0.5750000000000001,0.15458810467956932
791,0,0,0,7.75,0,35.0,1,0,1,1,0,0.4375,0.015126992566498259
792,0,0,0,26.0,0,16.0,0,1,1,0,1,0.2,0.050748620223090936
793,0,8,2,69.55,0,37.0,1,0,0,0,1,0.4625,0.13575255909676825
794,0,0,0,30.6958,0,33.0,0,0,1,0,0,0.41250000000000003,0.05991421140938287
795,0,0,0,7.8958,0,25.0,1,0,1,0,1,0.3125,0.015411575213749286
796,0,0,0,13.0,0,39.0,0,1,1,0,1,0.48750000000000004,0.025374310111545468
797,1,0,0,25.9292,1,49.0,0,0,0,0,1,0.6125,0.050610427826483444
798,1,0,0,8.6833,0,31.0,1,0,0,0,1,0.3875,0.016948672845506364
799,0,0,0,7.2292,0,30.0,1,0,1,0,0,0.375,0.014110458666029575
800,0,1,1,24.15,0,30.0,1,0,0,0,1,0.375,0.04713766070721715
801,0,0,0,13.0,0,34.0,0,1,1,0,1,0.42500000000000004,0.025374310111545468
802,1,1,1,26.25,0,31.0,0,1,0,0,1,0.3875,0.05123658772523604
803,1,1,2,120.0,1,11.0,0,0,1,0,1,0.1375,0.23422440102965048
804,1,0,1,8.5167,0,0.0,1,0,1,0,0,0.0,0.016623491302076868
805,1,0,0,6.975,0,27.0,1,0,1,0,1,0.3375,0.013614293309848433
806,0,0,0,7.775,0,31.0,1,0,1,0,1,0.3875,0.015175789316712771
807,0,0,0,0.0,1,39.0,0,0,1,0,1,0.48750000000000004,0.0
808,0,0,0,7.775,0,18.0,1,0,0,0,1,0.225,0.015175789316712771
809,0,0,0,13.0,0,39.0,0,1,1,0,1,0.48750000000000004,0.025374310111545468
810,1,1,0,53.1,1,33.0,0,0,0,0,1,0.41250000000000003,0.10364429745562033
811,0,0,0,7.8875,0,26.0,1,0,1,0,1,0.325,0.015395374692678068
812,0,0,0,24.15,0,39.0,1,0,1,0,1,0.48750000000000004,0.04713766070721715
813,0,0,0,10.5,0,35.0,0,1,1,0,1,0.4375,0.020494635090094415
814,0,4,2,31.275,0,6.0,1,0,0,0,1,0.07500000000000001,0.06104473451835265
815,0,0,0,8.05,0,30.0,1,0,1,0,1,0.375,0.015712553569072387
816,0,0,0,0.0,1,40.0,0,0,1,0,1,0.5,0.0
817,0,0,0,7.925,0,23.0,1,0,0,0,1,0.28750000000000003,0.015468569817999833
818,0,1,1,37.0042,0,31.0,0,1,1,0,0,0.3875,0.07222738817151159
819,0,0,0,6.45,0,43.0,1,0,1,0,1,0.5375,0.012589561555343713
820,0,3,2,27.9,0,10.0,1,0,1,0,1,0.125,0.05445717323939373
821,1,1,1,93.5,1,52.0,0,0,0,0,1,0.65,0.18249984580226933
822,1,0,0,8.6625,0,27.0,1,0,1,0,1,0.3375,0.016908073949327893
823,0,0,0,0.0,0,38.0,0,0,1,0,1,0.47500000000000003,0.0
824,1,0,1,12.475,1,27.0,1,0,0,0,1,0.3375,0.024349578357040744
825,0,4,1,39.6875,0,2.0,1,0,1,0,1,0.025,0.07746484096553544
826,0,0,0,6.95,0,35.0,1,0,1,1,0,0.4375,0.013565496559633922
827,0,0,0,56.4958,0,30.0,1,0,1,0,1,0.375,0.11027245763075773
828,1,0,2,37.0042,0,1.0,0,1,1,0,0,0.0125,0.07222738817151159
829,1,0,0,7.75,0,35.0,1,0,1,1,0,0.4375,0.015126992566498259
830,1,0,0,80.0,1,62.0,0,0,0,0,0,0.775,0.15614960068643363
831,1,1,0,14.4542,0,15.0,1,0,0,0,0,0.1875,0.028212719478023115
832,1,1,1,18.75,0,1.0,0,1,1,0,1,0.0125,0.03659756266088288
833,0,0,0,7.2292,0,23.0,1,0,1,0,0,0.28750000000000003,0.014110458666029575
834,0,0,0,7.8542,0,23.0,1,0,1,0,1,0.28750000000000003,0.015330377421392339
835,0,0,0,8.3,0,18.0,1,0,1,0,1,0.225,0.016200521071217493
836,1,1,1,83.1583,1,39.0,0,0,0,0,0,0.48750000000000004,0.16231419173453318
837,0,0,0,8.6625,0,21.0,1,0,1,0,1,0.2625,0.016908073949327893
838,0,0,0,8.05,0,19.0,1,0,1,0,1,0.23750000000000002,0.015712553569072387
839,1,0,0,56.4958,0,32.0,1,0,1,0,1,0.4,0.11027245763075773
840,1,0,0,29.7,1,58.0,0,0,1,0,0,0.7250000000000001,0.057970539254838485
841,0,0,0,7.925,0,20.0,1,0,1,0,1,0.25,0.015468569817999833
842,0,0,0,10.5,0,16.0,0,1,1,0,1,0.2,0.020494635090094415
843,1,0,0,31.0,0,30.0,0,0,0,0,0,0.375,0.060507970265993034
844,0,0,0,6.4375,0,34.0,1,0,1,0,0,0.42500000000000004,0.012565163180236457
845,0,0,0,8.6625,0,17.0,1,0,1,0,1,0.21250000000000002,0.016908073949327893
846,0,0,0,7.55,0,42.0,1,0,1,0,1,0.525,0.014736618564782174
847,0,8,2,69.55,0,37.0,1,0,1,0,1,0.4625,0.13575255909676825
848,0,0,0,7.8958,0,35.0,1,0,1,0,0,0.4375,0.015411575213749286
849,0,0,1,33.0,0,28.0,0,1,1,0,1,0.35000000000000003,0.06441171028315387
850,1,1,0,89.1042,1,49.0,0,0,0,0,0,0.6125,0.17391981561855152
851,0,4,2,31.275,0,4.0,1,0,1,0,1,0.05,0.06104473451835265
852,0,0,0,7.775,0,74.0,1,0,1,0,1,0.925,0.015175789316712771
853,0,1,1,15.2458,0,9.0,1,0,0,0,0,0.1125,0.029757819776815374
854,1,0,1,39.4,1,16.0,0,0,0,0,1,0.2,0.07690367833806856
855,0,1,0,26.0,0,44.0,0,1,0,0,1,0.55,0.050748620223090936
856,1,0,1,9.35,0,18.0,1,0,0,0,1,0.225,0.018249984580226933
857,1,1,1,164.8667,0,45.0,0,0,0,0,1,0.5625,0.32179836714362564
858,1,0,0,26.55,1,51.0,0,0,1,0,1,0.6375000000000001,0.051822148727810165
859,1,0,3,19.2583,0,24.0,1,0,0,0,0,0.30000000000000004,0.03758969818624431
860,0,0,0,7.2292,0,23.0,1,0,1,0,0,0.28750000000000003,0.014110458666029575
861,0,2,0,14.1083,0,41.0,1,0,1,0,1,0.5125000000000001,0.027537567642055148
862,0,1,0,11.5,0,21.0,0,1,1,0,1,0.2625,0.022446505098674838
863,1,0,0,25.9292,1,48.0,0,0,0,0,1,0.6000000000000001,0.050610427826483444
864,0,8,2,69.55,0,37.0,1,0,0,0,1,0.4625,0.13575255909676825
865,0,0,0,13.0,0,24.0,0,1,1,0,1,0.30000000000000004,0.025374310111545468
866,1,0,0,13.0,0,42.0,0,1,0,0,1,0.525,0.025374310111545468
867,1,1,0,13.8583,0,27.0,0,1,0,0,0,0.3375,0.027049600139910042
868,0,0,0,50.4958,1,31.0,0,0,1,0,1,0.3875,0.09856123757927521
869,0,0,0,9.5,0,28.0,1,0,1,0,1,0.35000000000000003,0.018542765081513996
870,1,1,1,11.1333,0,4.0,1,0,1,0,1,0.05,0.021730754366528396
871,0,0,0,7.8958,0,26.0,1,0,1,0,1,0.325,0.015411575213749286
872,1,1,1,52.5542,1,47.0,0,0,0,0,1,0.5875,0.10257896680493714
873,0,0,0,5.0,1,33.0,0,0,1,0,1,0.41250000000000003,0.009759350042902102
874,0,0,0,9.0,0,47.0,1,0,1,0,1,0.5875,0.017566830077223785
875,1,1,0,24.0,0,28.0,0,1,0,0,0,0.35000000000000003,0.04684488020593009
876,1,0,0,7.225,0,15.0,1,0,0,0,0,0.1875,0.014102260811993537
877,0,0,0,9.8458,0,20.0,1,0,1,0,1,0.25,0.019217721730481106
878,0,0,0,7.8958,0,19.0,1,0,1,0,1,0.23750000000000002,0.015411575213749286
879,0,0,0,7.8958,0,33.0,1,0,1,0,1,0.41250000000000003,0.015411575213749286
880,1,0,1,83.1583,1,56.0,0,0,0,0,0,0.7000000000000001,0.16231419173453318
881,1,0,1,26.0,0,25.0,0,1,0,0,1,0.3125,0.050748620223090936
882,0,0,0,7.8958,0,33.0,1,0,1,0,1,0.41250000000000003,0.015411575213749286
883,0,0,0,10.5167,0,22.0,1,0,0,0,1,0.275,0.02052723131923771
884,0,0,0,10.5,0,28.0,0,1,1,0,1,0.35000000000000003,0.020494635090094415
885,0,0,0,7.05,0,25.0,1,0,1,0,1,0.3125,0.013760683560491965
886,0,0,5,29.125,0,39.0,1,0,0,1,0,0.48750000000000004,0.05684821399990475
887,0,0,0,13.0,0,27.0,0,1,1,0,1,0.3375,0.025374310111545468
888,1,0,0,30.0,1,19.0,0,0,0,0,1,0.23750000000000002,0.05855610025741262
889,0,1,2,23.45,0,32.0,1,0,0,0,1,0.4,0.04577135170121086
890,1,0,0,30.0,1,26.0,0,0,1,0,0,0.325,0.05855610025741262
891,0,0,0,7.75,0,32.0,1,0,1,1,0,0.4,0.015126992566498259
